[
  {
    "id": "db0c4cd5-a838-4165-8ca8-92dafb813027",
    "name": "Amit",
    "description": "Curious MCP explorer building user registries."
  },
  {
    "id": "5192bd80-f934-4ae5-b4cb-f29e73dee5e9",
    "name": "amit",
    "description": ""
  },
  {
    "id": "b0d3cfb4-9f70-4930-9479-d7e53e2243f2",
    "name": "All Good",
    "description": "A user representing positivity and optimism."
  },
  {
    "id": "cbed1165-7247-4129-9f5f-84a2e2d9fb85",
    "name": "amit Chauhan",
    "description": ""
  }
]
